fold,split,accuracy,macro_f1,f1_class_-1,f1_class_0,f1_class_1
F1,V2_train,0.6231372549019608,0.4668456416757507,0.6452702702702703,0.04426559356136821,0.7110010611956137
F1,V2_test,0.6871401151631478,0.483264320220842,0.6521739130434783,0.0,0.7976190476190477
F2,V2_train,0.633669814392706,0.47063461476235985,0.6425384234010907,0.04013377926421405,0.7292316416217749
F2,V2_test,0.685823754789272,0.4871187060328917,0.6767676767676768,0.0,0.7845884413309983
F3,V2_train,0.6426384636793766,0.4725866460989698,0.6459574468085106,0.03278688524590164,0.739015606242497
F3,V2_test,0.5114942528735632,0.3790638758393389,0.49865951742627346,0.0,0.6385321100917432
F4,V2_train,0.625273390036452,0.4588240128404158,0.6221060492905153,0.027742749054224466,0.7266232401765077
F4,V2_test,0.6931927133269415,0.39876439329851193,0.36900369003690037,0.0,0.8272894898586355
AGG_MEAN,V2_test_mean,0.6444127090382312,0.4370528238478961,0.5491511993185821,0.0,0.7620072722251061
